peptide,normalized_ratio_peptide_level_plus0,normalized_ratio_peptide_level_plus1,normalized_ratio_peptide_level_plus2,normalized_ratio_peptide_level_plus3,total_intensity_every_channel_peptide_level,total_intensity_all_channels_peptide_level
VPQVSTPTLVEVSRSLGK,1.18,1.14,0.85,0.83,"[546906.6, 529457.7, 396208.5, 385098.3]",1857671.0999999999
QTALVELLK,0.95,1.05,0.85,1.14,"[3810215.9, 4206969.3, 3421911.6, 4584276.0]",16023372.799999999
SEIAHRFK,0.99,1.04,0.98,0.99,"[28026166.6, 29290751.9, 27749678.6, 27936778.7]",113003375.8
HLVDEPQNLIK,0.98,1.22,0.92,0.89,"[12509464.4, 15523802.3, 11698462.4, 11303102.5]",51034831.6
AWSVARLSQK,0.98,1.13,0.96,0.93,"[5064246.7, 5855756.9, 4939133.2, 4810813.0]",20669949.8
GLVLIAFSQYLQQCPFDEHVK,0.97,0.97,0.98,1.09,"[146806.0, 147247.4, 148189.7, 165442.9]",607686.0
DLGEEHFK,0.93,0.98,0.95,1.14,"[13459303.0, 14218860.2, 13667705.6, 16433524.9]",57779393.699999996
TVMENFVAFVDK,1.06,1.11,1.01,0.83,"[1112084.2, 1169084.2, 1063691.6, 869844.4]",4214704.4
SLHTLFGDELCK,1.36,1.2,0.7,0.74,"[4007220.1, 3555449.2, 2068394.0, 2193743.2]",11824806.5
DDSPDLPK,0.93,1.15,0.92,1.0,"[12360930.5, 15269821.3, 12136748.7, 13196130.3]",52963630.8
YICDNQDTISSK,1.1,1.52,0.66,0.72,"[2797614.6, 3841002.7, 1677029.4, 1817674.1]",10133320.8
GACLLPK,1.24,1.13,0.76,0.86,"[8236883.2, 7515355.2, 5062859.6, 5724957.3]",26540055.3
LVNELTEFAK,0.89,0.87,1.22,1.02,"[1726497.0, 1680257.2, 2366077.1, 1983656.3]",7756487.600000001
AEFVEVTK,1.01,1.08,0.95,0.96,"[17930378.4, 19098917.3, 16838666.9, 16967158.9]",70835121.5
IETMREK,0.96,0.94,0.93,1.18,"[22902162.8, 22351350.5, 22079420.2, 28039112.6]",95372046.1
ATEEQLK,1.11,1.14,0.83,0.92,"[96517.6, 99432.4, 72258.0, 80028.7]",348236.7
QNCDQFEK,0.99,1.38,1.33,0.3,"[316320.7, 440398.2, 425652.7, 97332.6]",1279704.2000000002
TCVADESHAGCEK,1.47,1.37,0.47,0.7,"[1989801.5, 1848804.9, 629651.9, 944448.9]",5412707.2
FGERALK,1.01,1.07,0.99,0.93,"[5898108.8, 6205452.6, 5763294.5, 5428501.0]",23295356.9
SHCIAEVEK,1.42,1.26,0.55,0.77,"[42026.5, 37433.8, 16265.4, 22928.6]",118654.29999999999
QEPERNECFLSHK,1.76,1.02,0.63,0.59,"[430287.9, 251012.5, 153533.2, 145463.4]",980297.0000000001
EYEATLEECCAK,1.82,1.09,0.28,0.82,"[795990.4, 476495.3, 121079.8, 358002.2]",1751567.7
LVTDLTK,0.75,1.41,0.98,0.86,"[29429.2, 55365.3, 38243.0, 33698.3]",156735.8
VASLRETYGDMADCCEK,1.75,1.39,0.31,0.55,"[295247.5, 235187.4, 51952.3, 92190.7]",674577.9
